scene,time,tempo_bpm,audio_energy_raw,A,mfcc_mean,spectral_centroid,audio_emotion,audio_confidence,audio_emotion_raw_score,audio_mood
1,00:00-00:08,60.09265988372093,0.10023527592420578,0.5011763796210289,-4.877530097961426,802.9569879160723,disgust,0.39,0.39,suspense
2,00:08-00:16,172.265625,0.11635695397853851,0.5817847698926926,2.86541485786438,2114.4600596366413,disgust,0.31,0.31,emotional
3,00:16-00:24,135.99917763157896,0.1739593744277954,0.869796872138977,8.183717727661133,2030.986872327432,disgust,0.27,0.27,intense
4,00:24-00:32,107.666015625,0.1444740742444992,0.722370371222496,2.7458572387695312,2269.574330968862,disgust,0.3,0.3,emotional
5,00:32-00:40,184.5703125,0.14879624545574188,0.7439812272787094,5.166837215423584,1877.9485864959927,disgust,0.31666666666666665,0.31666666666666665,intense
6,00:40-00:48,184.5703125,0.13512881100177765,0.6756440550088882,5.055882930755615,1902.4099988783048,sad,0.29,0.29,emotional
7,00:48-00:56,198.76802884615384,0.12795975804328918,0.6397987902164459,5.91028356552124,2242.767061293482,disgust,0.2733333333333333,0.2733333333333333,emotional
8,00:56-01:04,135.99917763157896,0.062097638845443726,0.31048819422721863,-5.440911769866943,2079.2559039680345,disgust,0.43666666666666665,0.43666666666666665,suspense
9,01:04-01:12,103.359375,0.1451156586408615,0.7255782932043076,8.093697547912598,2053.607812557752,disgust,0.31333333333333335,0.31333333333333335,emotional
10,01:12-01:20,95.703125,0.10503046959638596,0.5251523479819298,3.379343032836914,2278.7420705245886,disgust,0.30333333333333334,0.30333333333333334,suspense
11,01:20-01:28,129.19921875,0.11407347023487091,0.5703673511743546,5.191212177276611,2446.8414992686294,disgust,0.31,0.31,emotional
12,01:28-01:36,92.28515625,0.13937720656394958,0.6968860328197479,7.665663242340088,2521.068526848817,disgust,0.31333333333333335,0.31333333333333335,emotional
13,01:36-01:44,151.99908088235293,0.1731930673122406,0.865965336561203,8.979010581970215,2519.046224351507,disgust,0.30333333333333334,0.30333333333333334,intense
14,01:44-01:52,135.99917763157896,0.1718824952840805,0.8594124764204025,8.364460945129395,1940.1469213565224,disgust,0.2866666666666667,0.2866666666666667,intense
15,01:52-02:00,92.28515625,0.09464547038078308,0.4732273519039154,1.4871808290481567,2156.565276383391,fear,0.24333333333333335,0.24333333333333335,suspense
16,02:00-02:08,92.28515625,0.22988177835941315,1.0,12.36733341217041,2436.6190633992414,disgust,0.27,0.27,emotional
17,02:08-02:15,135.99917763157896,0.1625738888978958,0.8128694444894791,3.3590097427368164,1749.6038085417981,disgust,0.3,0.3,intense
