scene,time,scene_type,M,A,O,F,EI,level,audio_mood,audio_emotion,audio_confidence,audio_emotion_raw_score,camera_angle,face_emotion,face_found,objects,tempo_bpm,mfcc_mean,spectral_centroid,fusion_confidence
1,00:00-00:08,Dialogue,0.1069,0.5012,0.3488,0.0,0.21,Low,suspense,disgust,0.39,0.39,left,unknown,False,person,60.09,-4.8775,802.96,0.33
2,00:08-00:16,Drama,0.2966,0.5818,0.5094,0.0,0.38,Low,emotional,disgust,0.31,0.31,right,unknown,False,"elephant, person",172.27,2.8654,2114.46,0.37
3,00:16-00:24,Action,0.7933,0.8698,0.4708,0.0,0.75,High,intense,disgust,0.27,0.27,right,unknown,False,"bird, person",136.0,8.1837,2030.99,0.37
4,00:24-00:32,Action,0.6503,0.7224,0.3801,0.9592,0.72,High,emotional,disgust,0.3,0.3,right,angry,True,person,107.67,2.7459,2269.57,0.63
5,00:32-00:40,Action,0.4671,0.744,0.372,0.8676,0.44,Medium,intense,disgust,0.3167,0.3167,left,neutral,True,person,184.57,5.1668,1877.95,0.62
6,00:40-00:48,Action,0.4128,0.6756,0.3552,0.0,0.45,Medium,emotional,sad,0.29,0.29,right,unknown,False,person,184.57,5.0559,1902.41,0.36
7,00:48-00:56,Drama,0.2914,0.6398,0.3663,0.0,0.36,Low,emotional,disgust,0.2733,0.2733,right,unknown,False,person,198.77,5.9103,2242.77,0.34
8,00:56-01:04,Thriller,0.2477,0.3105,0.3746,0.7109,0.48,Medium,suspense,disgust,0.4367,0.4367,left,fear,True,person,136.0,-5.4409,2079.26,0.53
9,01:04-01:12,Action,0.2217,0.7256,0.3509,0.0,0.34,Low,emotional,disgust,0.3133,0.3133,right,unknown,False,person,103.36,8.0937,2053.61,0.35
10,01:12-01:20,Action,0.389,0.5252,0.3761,0.8916,0.38,Low,suspense,disgust,0.3033,0.3033,left,neutral,True,person,95.7,3.3793,2278.74,0.59
11,01:20-01:28,Action,0.498,0.5704,0.3658,0.6764,0.62,Medium,emotional,disgust,0.31,0.31,right,angry,True,person,129.2,5.1912,2446.84,0.55
12,01:28-01:36,Action,0.5545,0.6969,0.5406,0.4157,0.52,Medium,emotional,disgust,0.3133,0.3133,right,neutral,True,"horse, person",92.29,7.6657,2521.07,0.51
13,01:36-01:44,Action,0.6058,0.866,0.5304,0.6785,0.55,Medium,intense,disgust,0.3033,0.3033,right,neutral,True,"bird, person",152.0,8.979,2519.05,0.59
14,01:44-01:52,Action,0.4429,0.8594,0.376,0.6445,0.57,Medium,intense,disgust,0.2867,0.2867,right,sad,True,person,136.0,8.3645,1940.15,0.55
15,01:52-02:00,Action,0.5057,0.4732,0.8384,0.9099,0.51,Medium,suspense,fear,0.2433,0.2433,right,neutral,True,"bear, handbag, person, toilet",92.29,1.4872,2156.57,0.66
16,02:00-02:08,Action,0.8591,1.0,0.3315,0.0,0.81,High,emotional,disgust,0.27,0.27,right,unknown,False,person,92.29,12.3673,2436.62,0.36
17,02:08-02:15,Action,0.4812,0.8129,0.214,0.0,0.51,Medium,intense,disgust,0.3,0.3,right,unknown,False,person,136.0,3.359,1749.6,0.37
