scene,time,tempo_bpm,audio_energy_raw,A,mfcc_mean,spectral_centroid,zcr,audio_emotion,audio_confidence,audio_emotion_raw_score,audio_mood
1,00:00.00-00:01.75,143.55,0.230972,1.0,6.3705,824.32,0.013704,angry,0.3514,0.3514,intense
2,00:01.75-00:02.46,143.55,0.262643,1.0,9.6827,1102.1,0.019232,angry,0.3514,0.3514,intense
3,00:02.46-00:03.55,143.55,0.113989,0.7599,0.4826,2455.01,0.070645,happy,0.3684,0.3684,intense
4,00:03.55-00:05.67,143.55,0.066251,0.4417,-1.8251,1892.7,0.075163,happy,0.4054,0.4054,suspense
5,00:05.67-00:07.22,143.55,0.229257,1.0,8.3418,1406.97,0.026477,angry,0.3514,0.3514,intense
6,00:07.22-00:08.84,143.55,0.304363,1.0,9.1518,989.04,0.019669,angry,0.3514,0.3514,intense
7,00:08.84-00:10.26,143.55,0.171295,1.0,1.8302,1352.15,0.033699,angry,0.3514,0.3514,intense
8,00:10.26-00:11.55,143.55,0.184651,1.0,8.2167,1216.15,0.027963,angry,0.3514,0.3514,intense
9,00:11.55-00:12.47,143.55,0.133521,0.8901,2.5099,1572.09,0.048682,angry,0.3714,0.3714,intense
10,00:12.47-00:13.35,143.55,0.128342,0.8556,4.5923,1491.6,0.029631,angry,0.3514,0.3514,intense
11,00:13.35-00:14.60,143.55,0.087979,0.5865,0.3488,1851.12,0.054235,happy,0.4412,0.4412,emotional
12,00:14.60-00:17.18,143.55,0.102937,0.6862,0.3382,1688.23,0.067322,angry,0.3095,0.3095,emotional
13,00:17.18-00:18.18,143.55,0.119517,0.7968,2.7319,1560.56,0.041582,angry,0.3714,0.3714,intense
14,00:18.18-00:20.35,143.55,0.096466,0.6431,-3.1453,2066.71,0.068598,happy,0.3846,0.3846,emotional
15,00:20.35-00:22.15,143.55,0.07203,0.4802,-2.8366,1843.32,0.053705,happy,0.4545,0.4545,suspense
16,00:22.15-00:23.61,143.55,0.058128,0.3875,-2.0407,2085.47,0.075653,happy,0.4167,0.4167,suspense
17,00:23.61-00:25.61,143.55,0.080541,0.5369,-3.072,2122.67,0.075235,happy,0.4167,0.4167,suspense
18,00:25.61-00:26.82,143.55,0.069334,0.4622,-6.2612,2063.88,0.056548,happy,0.5556,0.5556,suspense
19,00:26.82-00:29.03,143.55,0.14357,0.9571,1.7382,1451.07,0.028402,angry,0.3514,0.3514,intense
20,00:29.03-00:30.70,143.55,0.207427,1.0,3.146,1267.76,0.01886,angry,0.3514,0.3514,intense
21,00:30.70-00:31.82,143.55,0.113865,0.7591,-0.9416,1525.15,0.043826,angry,0.3714,0.3714,intense
22,00:31.82-00:32.78,143.55,0.110415,0.7361,-0.2596,2079.97,0.063756,angry,0.3611,0.3611,intense
23,00:32.78-00:33.58,143.55,0.138526,0.9235,2.5871,1912.51,0.040723,angry,0.4062,0.4062,intense
24,00:33.58-00:34.49,143.55,0.134514,0.8968,1.2614,1552.4,0.030225,angry,0.3514,0.3514,intense
25,00:34.49-00:35.41,143.55,0.197783,1.0,5.4119,1421.81,0.030029,angry,0.3514,0.3514,intense
26,00:35.41-00:39.41,117.45,0.058588,0.3906,-5.2975,1890.49,0.083076,happy,0.375,0.375,suspense
27,00:39.41-00:41.25,143.55,0.046448,0.3097,-6.4975,1636.01,0.050098,happy,0.5172,0.5172,suspense
28,00:41.25-00:42.79,143.55,0.042584,0.2839,-6.6056,1698.7,0.065364,happy,0.4687,0.4687,suspense
29,00:42.79-00:44.84,143.55,0.047185,0.3146,-5.2772,1839.58,0.082366,happy,0.4412,0.4412,suspense
30,00:44.84-00:45.42,143.55,0.186165,1.0,9.8102,2022.79,0.050706,angry,0.4483,0.4483,intense
31,00:45.42-00:46.00,143.55,0.164248,1.0,8.4964,2594.79,0.087816,angry,0.3409,0.3409,intense
32,00:46.00-00:47.17,143.55,0.205974,1.0,10.187,2145.76,0.05935,angry,0.4483,0.4483,intense
33,00:47.17-00:47.96,143.55,0.133757,0.8917,2.5867,2227.23,0.078055,happy,0.3684,0.3684,intense
34,00:47.96-00:49.42,143.55,0.119119,0.7941,1.0145,1964.51,0.0594,angry,0.4062,0.4062,intense
35,00:49.42-00:50.80,143.55,0.109427,0.7295,-4.5673,2177.7,0.124886,angry,0.3,0.3,intense
36,00:50.80-00:51.51,143.55,0.234702,1.0,7.7023,1480.47,0.048277,angry,0.3714,0.3714,intense
37,00:51.51-00:52.22,143.55,0.185503,1.0,6.5504,1962.64,0.049694,angry,0.4062,0.4062,intense
38,00:52.22-00:52.76,143.55,0.140687,0.9379,-0.2938,2090.82,0.056376,angry,0.4483,0.4483,intense
39,00:52.76-00:53.39,143.55,0.142097,0.9473,2.8773,2458.86,0.09281,angry,0.375,0.375,intense
40,00:53.39-00:54.39,143.55,0.140364,0.9358,-2.4991,1801.98,0.058072,angry,0.3824,0.3824,intense
41,00:54.39-00:55.31,143.55,0.094336,0.6289,-7.5626,1996.99,0.096704,happy,0.3191,0.3191,emotional
42,00:55.31-00:56.60,143.55,0.119826,0.7988,2.1135,1931.49,0.068665,angry,0.3714,0.3714,intense
43,00:56.60-00:59.14,143.55,0.101689,0.6779,-2.8736,1593.83,0.063965,angry,0.2955,0.2955,emotional
44,00:59.14-01:00.52,143.55,0.185979,1.0,6.3698,2185.55,0.078743,angry,0.3714,0.3714,intense
45,01:00.52-01:01.56,143.55,0.266837,1.0,10.3018,2244.83,0.046322,happy,0.4375,0.4375,intense
46,01:01.56-01:02.35,143.55,0.156347,1.0,6.2861,1851.76,0.042271,angry,0.4062,0.4062,intense
47,01:02.35-01:03.31,143.55,0.151026,1.0,3.4921,1386.88,0.04076,angry,0.3714,0.3714,intense
48,01:03.31-01:04.94,143.55,0.127609,0.8507,0.5498,1530.67,0.045816,angry,0.3714,0.3714,intense
49,01:04.94-01:06.40,143.55,0.071386,0.4759,-3.1592,2095.41,0.084961,happy,0.4286,0.4286,suspense
50,01:06.40-01:07.53,143.55,0.063409,0.4227,-2.0738,2016.52,0.089126,happy,0.3947,0.3947,suspense
51,01:07.53-01:09.28,143.55,0.121615,0.8108,1.8884,2308.91,0.100316,angry,0.375,0.375,intense
52,01:09.28-01:09.99,143.55,0.152839,1.0,6.6412,2329.56,0.136545,angry,0.375,0.375,intense
53,01:09.99-01:11.49,143.55,0.147515,0.9834,2.1468,2183.49,0.061561,angry,0.4063,0.4063,intense
54,01:11.49-01:12.57,143.55,0.096982,0.6465,-0.255,1783.87,0.052869,happy,0.3488,0.3488,emotional
55,01:12.57-01:13.53,143.55,0.129341,0.8623,-2.0283,1890.63,0.060186,angry,0.3514,0.3514,intense
56,01:13.53-01:14.45,143.55,0.091946,0.613,-5.0432,2305.84,0.093481,happy,0.383,0.383,emotional
57,01:14.45-01:15.08,143.55,0.15375,1.0,2.7414,1667.8,0.0304,angry,0.3514,0.3514,intense
58,01:15.08-01:15.74,143.55,0.125281,0.8352,2.0405,1525.15,0.040847,angry,0.3714,0.3714,intense
59,01:15.74-01:16.66,143.55,0.157356,1.0,3.6316,1404.96,0.036255,angry,0.3514,0.3514,intense
60,01:16.66-01:17.37,143.55,0.100917,0.6728,0.4115,1323.1,0.034274,angry,0.3171,0.3171,emotional
61,01:17.37-01:18.45,143.55,0.081798,0.5453,-2.1574,2165.69,0.104897,happy,0.3659,0.3659,suspense
62,01:18.45-01:19.54,143.55,0.087919,0.5861,-4.6366,2337.43,0.11218,happy,0.439,0.439,emotional
63,01:19.54-01:20.37,143.55,0.082695,0.5513,-3.6117,2901.98,0.134996,happy,0.3673,0.3673,emotional
64,01:20.37-01:21.62,143.55,0.096406,0.6427,-0.7558,2192.73,0.084726,angry,0.3333,0.3333,emotional
65,01:21.62-01:22.87,143.55,0.129547,0.8636,2.2459,1651.09,0.0371,angry,0.3514,0.3514,intense
66,01:22.87-01:23.79,143.55,0.267826,1.0,9.2219,1120.58,0.023999,angry,0.3514,0.3514,intense
67,01:23.79-01:24.38,143.55,0.212746,1.0,10.4515,1897.17,0.050537,angry,0.4062,0.4062,intense
68,01:24.38-01:25.00,143.55,0.068079,0.4539,-7.3271,1830.6,0.060221,happy,0.4545,0.4545,suspense
69,01:25.00-01:25.59,143.55,0.096948,0.6463,-7.9834,2025.69,0.105356,happy,0.3409,0.3409,emotional
70,01:25.59-01:26.92,143.55,0.230804,1.0,4.617,1897.82,0.055555,angry,0.4062,0.4062,intense
71,01:26.92-01:27.50,143.55,0.230209,1.0,10.7107,2155.51,0.059063,angry,0.4483,0.4483,intense
72,01:27.50-01:28.13,143.55,0.241582,1.0,10.1208,2235.13,0.063893,happy,0.4,0.4,intense
73,01:28.13-01:28.76,143.55,0.312753,1.0,12.2747,1687.46,0.033945,angry,0.3514,0.3514,intense
74,01:28.76-01:29.30,143.55,0.247345,1.0,11.3695,1917.13,0.048604,angry,0.4062,0.4062,intense
75,01:29.30-01:30.42,143.55,0.324578,1.0,13.4259,1558.68,0.037657,angry,0.3514,0.3514,intense
76,01:30.42-01:32.18,143.55,0.2425,1.0,8.0632,1134.03,0.021851,angry,0.3514,0.3514,intense
77,01:32.18-01:34.26,143.55,0.107506,0.7167,-3.4118,1692.98,0.043956,happy,0.2895,0.2895,intense
78,01:34.26-01:35.76,143.55,0.2901,1.0,11.4341,1742.3,0.033601,angry,0.3514,0.3514,intense
79,01:35.76-01:36.68,143.55,0.226523,1.0,8.5434,1522.84,0.038293,angry,0.3514,0.3514,intense
80,01:36.68-01:37.56,143.55,0.144416,0.9628,4.6899,1543.03,0.042648,angry,0.3714,0.3714,intense
81,01:37.56-01:38.43,143.55,0.135789,0.9053,3.1007,1748.96,0.049034,angry,0.3714,0.3714,intense
82,01:38.43-01:39.22,143.55,0.140417,0.9361,2.422,1837.22,0.055469,angry,0.4062,0.4062,intense
83,01:39.22-01:40.23,143.55,0.159977,1.0,3.3084,2014.26,0.060724,angry,0.4063,0.4063,intense
84,01:40.23-01:42.98,143.55,0.023025,0.1535,-13.7471,2231.5,0.104619,happy,0.3243,0.3243,suspense
85,01:42.98-01:43.94,143.55,0.199676,1.0,6.5399,2176.56,0.076114,angry,0.3714,0.3714,intense
86,01:43.94-01:44.77,143.55,0.159499,1.0,2.6082,1987.46,0.055149,angry,0.4062,0.4062,intense
87,01:44.77-01:46.06,143.55,0.116926,0.7795,4.1252,2291.12,0.085981,angry,0.375,0.375,intense
88,01:46.06-01:47.57,143.55,0.242087,1.0,8.4322,1511.59,0.026758,angry,0.3514,0.3514,intense
89,01:47.57-01:48.11,143.55,0.114431,0.7629,2.4761,2085.75,0.053385,angry,0.4483,0.4483,intense
90,01:48.11-01:48.90,143.55,0.19846,1.0,9.8794,1771.2,0.045131,angry,0.3714,0.3714,intense
91,01:48.90-01:50.40,143.55,0.138969,0.9265,4.1552,1747.66,0.039032,angry,0.3514,0.3514,intense
92,01:50.40-01:51.19,143.55,0.107325,0.7155,1.3252,2335.09,0.071791,happy,0.3333,0.3333,intense
93,01:51.19-01:52.61,143.55,0.064141,0.4276,-11.5228,2448.15,0.129812,happy,0.4444,0.4444,suspense
94,01:52.61-01:54.28,143.55,0.06495,0.433,-11.3041,2180.9,0.109029,happy,0.3939,0.3939,suspense
95,01:54.28-01:55.70,143.55,0.063723,0.4248,-13.9068,1839.13,0.088166,happy,0.3824,0.3824,suspense
96,01:55.70-01:56.95,143.55,0.30143,1.0,11.6888,2361.01,0.054317,happy,0.4375,0.4375,intense
97,01:56.95-01:57.78,143.55,0.25658,1.0,10.9798,2052.44,0.042494,angry,0.4483,0.4483,intense
98,01:57.78-01:58.74,143.55,0.153255,1.0,3.9416,1804.36,0.049491,angry,0.4062,0.4062,intense
99,01:58.74-01:59.62,143.55,0.120421,0.8028,3.6279,2376.24,0.076532,happy,0.3684,0.3684,intense
100,01:59.62-02:00.45,143.55,0.160595,1.0,3.9121,1954.25,0.037123,angry,0.3824,0.3824,intense
101,02:00.45-02:01.33,143.55,0.157879,1.0,1.12,1975.19,0.056075,angry,0.4062,0.4062,intense
102,02:01.33-02:02.37,143.55,0.169514,1.0,3.1547,1769.79,0.052105,angry,0.3714,0.3714,intense
103,02:02.37-02:03.50,143.55,0.243469,1.0,11.072,2544.1,0.066506,happy,0.359,0.359,intense
104,02:03.50-02:04.75,143.55,0.237048,1.0,11.2253,2525.46,0.06514,happy,0.359,0.359,intense
105,02:04.75-02:05.88,143.55,0.205417,1.0,6.4119,2141.52,0.04547,angry,0.4483,0.4483,intense
106,02:05.88-02:06.92,143.55,0.11188,0.7459,-1.2184,2241.71,0.080056,angry,0.3409,0.3409,intense
107,02:06.92-02:08.09,143.55,0.117567,0.7838,1.0117,2310.23,0.107872,angry,0.375,0.375,intense
108,02:08.09-02:08.75,143.55,0.162479,1.0,8.5997,2217.91,0.127542,angry,0.375,0.375,intense
109,02:08.75-02:09.84,143.55,0.234026,1.0,9.6439,2049.89,0.0478,angry,0.4483,0.4483,intense
110,02:09.84-02:10.76,143.55,0.108555,0.7237,-1.6822,1611.08,0.077832,angry,0.2889,0.2889,intense
111,02:10.76-02:11.34,143.55,0.161556,1.0,1.0429,1847.21,0.073486,angry,0.3421,0.3421,intense
112,02:11.34-02:12.34,143.55,0.329036,1.0,13.8522,2318.94,0.064864,happy,0.4,0.4,intense
113,02:12.34-02:13.22,143.55,0.266754,1.0,11.3118,2896.66,0.102269,angry,0.3958,0.3958,intense
114,02:13.22-02:14.13,143.55,0.185151,1.0,6.495,2252.91,0.073596,happy,0.3684,0.3684,intense
115,02:14.13-02:14.68,143.55,0.212989,1.0,6.4506,1951.28,0.047424,angry,0.4062,0.4062,intense
116,02:14.68-02:15.64,143.55,0.284146,1.0,13.0272,2377.19,0.075126,happy,0.3684,0.3684,intense
117,02:15.64-02:16.39,143.55,0.27364,1.0,11.654,2623.0,0.057943,happy,0.3889,0.3889,intense
118,02:16.39-02:18.43,143.55,0.352502,1.0,12.5721,1832.31,0.035897,angry,0.3824,0.3824,intense
119,02:18.43-02:19.85,143.55,0.299215,1.0,11.3304,2199.79,0.050829,angry,0.4483,0.4483,intense
120,02:19.85-02:22.68,143.55,0.289632,1.0,12.729,2527.51,0.076771,happy,0.3333,0.3333,intense
121,02:22.68-02:24.52,143.55,0.267147,1.0,10.833,1532.29,0.046259,angry,0.3714,0.3714,intense
122,02:24.52-02:26.52,143.55,0.05541,0.3694,-12.0947,2552.17,0.143622,happy,0.4211,0.4211,suspense
123,02:26.52-02:29.07,143.55,0.310031,1.0,12.9192,2377.13,0.044172,happy,0.4375,0.4375,intense
124,02:29.07-02:30.65,143.55,0.202639,1.0,5.9208,1844.36,0.042282,angry,0.4062,0.4062,intense
125,02:30.65-02:31.69,143.55,0.134708,0.8981,-2.3408,1821.77,0.047298,angry,0.3824,0.3824,intense
126,02:31.69-02:33.82,143.55,0.139738,0.9316,-0.0158,1817.9,0.070106,angry,0.3421,0.3421,intense
127,02:33.82-02:35.28,143.55,0.147513,0.9834,0.6446,1629.98,0.050184,angry,0.3714,0.3714,intense
128,02:35.28-02:38.03,143.55,0.145058,0.9671,3.2789,1777.2,0.045447,angry,0.3714,0.3714,intense
129,02:38.03-02:38.70,143.55,0.058647,0.391,-5.781,2024.85,0.048845,happy,0.5556,0.5556,suspense
130,02:38.70-02:42.79,184.57,0.06018,0.4012,-9.5707,1525.94,0.044566,happy,0.4194,0.4194,suspense
131,02:42.79-02:44.21,143.55,0.301198,1.0,12.7937,2042.22,0.055829,angry,0.4483,0.4483,intense
132,02:44.21-02:45.83,143.55,0.092911,0.6194,-7.1416,2058.56,0.092815,happy,0.3409,0.3409,emotional
133,02:45.83-02:46.79,143.55,0.260108,1.0,10.8301,2457.11,0.077358,happy,0.3684,0.3684,intense
134,02:46.79-02:48.84,143.55,0.174966,1.0,4.9342,1618.24,0.0317,angry,0.3514,0.3514,intense
