scene,time,tempo_bpm,audio_energy_raw,mfcc_mean,spectral_centroid,audio_emotion,audio_confidence,A,audio_mood
1,00:00-00:08,60.09265988372093,0.09856859594583511,-6.164972305297852,839.2059364449499,disgust,0.31666666666666665,0.22212139154709476,calm
2,00:08-00:16,178.20581896551724,0.11538437753915787,1.8071436882019043,2242.480676312267,disgust,0.32,0.32269847485285486,suspense
3,00:16-00:24,99.38401442307692,0.17273902893066406,6.7292704582214355,2194.906228469015,disgust,0.27,0.6657431034336009,emotional
4,00:24-00:32,105.46875,0.143548846244812,0.7712216973304749,2340.022393729927,disgust,0.2733333333333333,0.49115333373350695,suspense
5,00:32-00:40,78.30255681818181,0.1472395360469818,3.462005138397217,1989.399936067823,disgust,0.35333333333333333,0.5132277650424832,suspense
6,00:40-00:48,123.046875,0.13394096493721008,3.788219928741455,1995.2959907139136,disgust,0.31,0.43368751370583436,suspense
7,00:48-00:56,191.40625,0.1271185427904129,4.364405632019043,2465.0801997928706,disgust,0.31333333333333335,0.392881838584676,suspense
8,00:56-01:04,135.99917763157896,0.061431460082530975,-6.475872993469238,2128.7297380329783,disgust,0.4533333333333333,0.0,suspense
9,01:04-01:12,103.359375,0.14409253001213074,5.889927387237549,2124.2211291251733,disgust,0.31666666666666665,0.49440516756912944,suspense
10,01:12-01:20,93.96306818181819,0.10420241206884384,1.4097142219543457,2381.04216817273,disgust,0.31666666666666665,0.2558178801931047,calm
11,01:20-01:28,83.35433467741936,0.11312226951122284,3.110731840133667,2650.5521143577553,disgust,0.31333333333333335,0.3091685520057008,calm
12,01:28-01:36,95.703125,0.1386261135339737,5.701390266418457,2726.830555310992,disgust,0.3,0.46170991504956205,suspense
13,01:36-01:44,156.60511363636363,0.1720704734325409,6.81729793548584,2726.2636374860226,disgust,0.28,0.6617443977144473,emotional
14,01:44-01:52,139.6748310810811,0.17095685005187988,6.28371524810791,2078.4404216573603,disgust,0.3,0.65508369087151,emotional
15,01:52-02:00,123.046875,0.09391041845083237,-0.4829890727996826,2267.0603586241646,sad,0.26666666666666666,0.19426030740016795,suspense
16,02:00-02:08,93.96306818181819,0.22862443327903748,10.180558204650879,2632.292372806921,disgust,0.3,1.0,emotional
17,02:08-02:15,139.6748310810811,0.1613457202911377,1.409414291381836,1938.6028472696296,disgust,0.2866666666666667,0.5975984414798028,emotional
