scene,time,scene_type,M,A,O,F,EI,level,audio_mood,audio_emotion,audio_confidence,video_emotion,face_emotion,objects,tempo_bpm,mfcc_mean,spectral_centroid
1,00:00-00:08,Drama,0.0,0.22212139154709476,0.8152437806129456,0.3300884962081909,0.28,Low,calm,disgust,0.31666666666666665,right,neutral,"bench, person",60.09265988372093,-6.164972305297852,839.2059364449499
2,00:08-00:16,Drama,0.25298565593828126,0.32269847485285486,1.0,0.4889247417449951,0.46,Medium,suspense,disgust,0.32,right,neutral,person,178.20581896551724,1.8071436882019043,2242.480676312267
3,00:16-00:24,Action,0.971336416496895,0.6657431034336009,1.0,0.46290096640586853,0.81,High,emotional,disgust,0.27,right,sad,"giraffe, person, vase",99.38401442307692,6.7292704582214355,2194.906228469015
4,00:24-00:32,Action,0.781522315323922,0.49115333373350695,1.0,0.37613871693611145,0.68,Medium,suspense,disgust,0.2733333333333333,right,neutral,"bowl, cup, person, potted plant",105.46875,0.7712216973304749,2340.022393729927
5,00:32-00:40,Emotional,0.5030132141355033,0.5132277650424832,0.9269934892654419,0.5292316973209381,0.59,Medium,suspense,disgust,0.35333333333333333,left,sad,person,78.30255681818181,3.462005138397217,1989.399936067823
6,00:40-00:48,Drama,0.4119962547524577,0.43368751370583436,1.0,0.476520299911499,0.55,Medium,suspense,disgust,0.31,right,neutral,"cow, person",123.046875,3.788219928741455,1995.2959907139136
7,00:48-00:56,Drama,0.2470289699422527,0.392881838584676,0.5450456738471985,0.27092158794403076,0.35,Low,suspense,disgust,0.31333333333333335,front,neutral,"airplane, elephant, person, vase",191.40625,4.364405632019043,2465.0801997928706
8,00:56-01:04,Emotional,0.189567764390342,0.0,1.0,0.6131270974874496,0.36,Low,suspense,disgust,0.4533333333333333,left,sad,"motorcycle, person",135.99917763157896,-6.475872993469238,2128.7297380329783
9,01:04-01:12,Drama,0.15296089172699065,0.49440516756912944,1.0,0.2536174952983856,0.44,Medium,suspense,disgust,0.31666666666666665,left,neutral,person,103.359375,5.889927387237549,2124.2211291251733
10,01:12-01:20,Drama,0.3803389279600311,0.2558178801931047,1.0,0.6072633564472198,0.5,Medium,calm,disgust,0.31666666666666665,left,surprise,"keyboard, person, vase",93.96306818181819,1.4097142219543457,2381.04216817273
11,01:20-01:28,Drama,0.5221575611551637,0.3091685520057008,1.0,0.37643900513648987,0.53,Medium,calm,disgust,0.31333333333333335,right,neutral,"horse, motorcycle, person, umbrella",83.35433467741936,3.110731840133667,2650.5521143577553
12,01:28-01:36,Drama,0.603515454469028,0.46170991504956205,1.0,0.42960336804389954,0.61,Medium,suspense,disgust,0.3,right,neutral,"bicycle, horse, motorcycle, person",95.703125,5.701390266418457,2726.830555310992
13,01:36-01:44,Emotional,0.671646632045844,0.6617443977144473,0.7938253581523895,0.2536174952983856,0.63,Medium,emotional,disgust,0.28,left,sad,"chair, horse, person",156.60511363636363,6.81729793548584,2726.2636374860226
14,01:44-01:52,Emotional,0.4578993857158144,0.65508369087151,1.0,0.26926329731941223,0.6,Medium,emotional,disgust,0.3,left,sad,"hot dog, person, sandwich",139.6748310810811,6.28371524810791,2078.4404216573603
15,01:52-02:00,Emotional,0.5479557148213301,0.19426030740016795,1.0,0.7099811724352669,0.56,Medium,suspense,sad,0.26666666666666666,right,sad,"bowl, dog, handbag, person, toilet",123.046875,-0.4829890727996826,2267.0603586241646
16,02:00-02:08,Action,1.0,1.0,0.9207364320755005,0.49239468574523926,0.91,High,emotional,disgust,0.3,right,sad,"bird, person",93.96306818181819,10.180558204650879,2632.292372806921
17,02:08-02:15,Emotional,0.4968178688700411,0.5975984414798028,0.0,0.40651586651802063,0.41,Medium,emotional,disgust,0.2866666666666667,right,sad,,139.6748310810811,1.409414291381836,1938.6028472696296
